	category	term	number_of_genes	number_of_genes_in_background	ncbiTaxonId	inputGenes	preferredNames	p_value	fdr	description	-log10(fdr)	enrichment	metric
6	Process	GO:0009615	26	293	9606	OAS3,EIF2AK2,BST2,OASL,SAMHD1,DTX3L,ISG20,STAT2,MX2,OAS2,PLSCR1,PARP9,STAT1,IFI16,IFI44,IFI44L,IFIT5,IFIT1,IFIT3,IFIT2,ISG15,DDX58,TRIM22,LGALS9,MX1,OAS1	OAS3,EIF2AK2,BST2,OASL,SAMHD1,DTX3L,ISG20,STAT2,MX2,OAS2,PLSCR1,PARP9,STAT1,IFI16,IFI44,IFI44L,IFIT5,IFIT1,IFIT3,IFIT2,ISG15,DDX58,TRIM22,LGALS9,MX1,OAS1	1.74e-27	1.16e-23	Response to virus	22.93554201077308	0.795817383233652	18.252503026058925
7	Process	GO:0051607	24	210	9606	OAS3,EIF2AK2,BST2,OASL,SAMHD1,DTX3L,ISG20,STAT2,MX2,OAS2,PLSCR1,PARP9,STAT1,IFI16,IFI44L,IFIT5,IFIT1,IFIT3,IFIT2,ISG15,DDX58,TRIM22,MX1,OAS1	OAS3,EIF2AK2,BST2,OASL,SAMHD1,DTX3L,ISG20,STAT2,MX2,OAS2,PLSCR1,PARP9,STAT1,IFI16,IFI44L,IFIT5,IFIT1,IFIT3,IFIT2,ISG15,DDX58,TRIM22,MX1,OAS1	9.019999999999999e-28	1.16e-23	Defense response to virus	22.93554201077308	0.9057036025946302	20.77280302661767
8	Process	GO:0060337	18	67	9606	OAS3,BST2,OASL,SAMHD1,ISG20,STAT2,MX2,OAS2,SP100,STAT1,IFIT1,IFIT3,IFIT2,HLA-E,ISG15,MX1,OAS1,IFI35	OAS3,BST2,OASL,SAMHD1,ISG20,STAT2,MX2,OAS2,SP100,STAT1,IFIT1,IFIT3,IFIT2,HLA-E,ISG15,MX1,OAS1,IFI35	7.18e-27	3.07e-23	Type i interferon signaling pathway	22.512861624522813	1.2769093580194233	28.746883684149537
9	Process	GO:0045087	28	703	9606	OAS3,EIF2AK2,BST2,TRIM21,OASL,SAMHD1,DTX3L,ISG20,STAT2,MX2,OAS2,SP100,PARP9,STAT1,IFI16,IFIT5,IFIT1,IFIT3,IFIT2,HLA-E,ISG15,DDX58,TRIM22,LGALS9,MX1,OAS1,IFI35,PARP14	OAS3,EIF2AK2,BST2,TRIM21,OASL,SAMHD1,DTX3L,ISG20,STAT2,MX2,OAS2,SP100,PARP9,STAT1,IFI16,IFIT5,IFIT1,IFIT3,IFIT2,HLA-E,ISG15,DDX58,TRIM22,LGALS9,MX1,OAS1,IFI35,PARP14	1.21e-20	2.59e-17	Innate immune response	16.586700235918748	0.4479143619393388	7.429421252850626
10	Process	GO:0048525	16	105	9606	OAS3,EIF2AK2,BST2,TRIM21,OASL,ISG20,OAS2,SP100,PLSCR1,STAT1,IFI16,IFIT5,IFIT1,ISG15,MX1,OAS1	OAS3,EIF2AK2,BST2,TRIM21,OASL,ISG20,OAS2,SP100,PLSCR1,STAT1,IFI16,IFIT5,IFIT1,ISG15,MX1,OAS1	1.93e-20	3.54e-17	Negative regulation of viral process	16.45099673797421	1.0306423392029302	16.955093760245518
11	Process	GO:0098542	30	900	9606	OAS3,EIF2AK2,BST2,TRIM21,OASL,SAMHD1,DTX3L,ISG20,STAT2,MX2,OAS2,SP100,PLSCR1,PARP9,STAT1,IFI16,IFI44L,IFIT5,IFIT1,IFIT3,IFIT2,HLA-E,ISG15,DDX58,TRIM22,LGALS9,MX1,OAS1,IFI35,PARP14	OAS3,EIF2AK2,BST2,TRIM21,OASL,SAMHD1,DTX3L,ISG20,STAT2,MX2,OAS2,SP100,PLSCR1,PARP9,STAT1,IFI16,IFI44L,IFIT5,IFIT1,IFIT3,IFIT2,HLA-E,ISG15,DDX58,TRIM22,LGALS9,MX1,OAS1,IFI35,PARP14	4.48e-20	7.2e-17	Defense response to other organism	16.14266750356873	0.370590400897281	5.982317621699046
12	Process	GO:0009607	34	1289	9606	OAS3,EIF2AK2,BST2,TRIM21,CMPK2,OASL,SAMHD1,HERC6,DTX3L,ISG20,STAT2,MX2,OAS2,SP100,PLSCR1,PARP9,STAT1,IFI16,IFI44,IFI44L,IFIT5,IFIT1,IFIT3,IFIT2,HLA-E,ISG15,DDX58,TRIM22,LGALS9,MX1,OAS1,IFI35,PARP14,TXNIP	OAS3,EIF2AK2,BST2,TRIM21,CMPK2,OASL,SAMHD1,HERC6,DTX3L,ISG20,STAT2,MX2,OAS2,SP100,PLSCR1,PARP9,STAT1,IFI16,IFI44,IFI44L,IFIT5,IFIT1,IFIT3,IFIT2,HLA-E,ISG15,DDX58,TRIM22,LGALS9,MX1,OAS1,IFI35,PARP14,TXNIP	7.74e-20	1.1e-16	Response to biotic stimulus	15.958607314841775	0.2689376553057956	4.291870433199466
13	Process	GO:0051707	33	1256	9606	OAS3,EIF2AK2,BST2,TRIM21,CMPK2,OASL,SAMHD1,HERC6,DTX3L,ISG20,STAT2,MX2,OAS2,SP100,PLSCR1,PARP9,STAT1,IFI16,IFI44,IFI44L,IFIT5,IFIT1,IFIT3,IFIT2,HLA-E,ISG15,DDX58,TRIM22,LGALS9,MX1,OAS1,IFI35,PARP14	OAS3,EIF2AK2,BST2,TRIM21,CMPK2,OASL,SAMHD1,HERC6,DTX3L,ISG20,STAT2,MX2,OAS2,SP100,PLSCR1,PARP9,STAT1,IFI16,IFI44,IFI44L,IFIT5,IFIT1,IFIT3,IFIT2,HLA-E,ISG15,DDX58,TRIM22,LGALS9,MX1,OAS1,IFI35,PARP14	3.78e-19	4.86e-16	Response to other organism	15.313363730737706	0.2672359560936537	4.09228139759357
14	Process	GO:0050792	18	215	9606	OAS3,EIF2AK2,BST2,TRIM21,OASL,ISG20,OAS2,SP100,PLSCR1,STAT1,IFI16,IFIT5,IFIT1,ISG15,TRIM22,LGALS9,MX1,OAS1	OAS3,EIF2AK2,BST2,TRIM21,OASL,ISG20,OAS2,SP100,PLSCR1,STAT1,IFI16,IFIT5,IFIT1,ISG15,TRIM22,LGALS9,MX1,OAS1	1.26e-18	1.35e-15	Regulation of viral process	14.869666231504993	0.7705457008046442	11.457757387086168
15	Process	GO:0045071	13	61	9606	OAS3,EIF2AK2,BST2,OASL,ISG20,OAS2,PLSCR1,IFI16,IFIT5,IFIT1,ISG15,MX1,OAS1	OAS3,EIF2AK2,BST2,OASL,ISG20,OAS2,PLSCR1,IFI16,IFIT5,IFIT1,ISG15,MX1,OAS1	1.84e-18	1.82e-15	Negative regulation of viral genome replication	14.739928612014925	1.1763251729130133	17.33894907325393
16	Process	GO:1903901	14	86	9606	OAS3,EIF2AK2,BST2,TRIM21,OASL,ISG20,OAS2,PLSCR1,IFI16,IFIT5,IFIT1,ISG15,MX1,OAS1	OAS3,EIF2AK2,BST2,TRIM21,OASL,ISG20,OAS2,PLSCR1,IFI16,IFIT5,IFIT1,ISG15,MX1,OAS1	2.39e-18	2.19e-15	Negative regulation of viral life cycle	14.659555885159882	1.0593412400516138	15.529472109991202
17	Process	GO:1903900	16	153	9606	OAS3,EIF2AK2,BST2,TRIM21,OASL,ISG20,OAS2,PLSCR1,IFI16,IFIT5,IFIT1,ISG15,TRIM22,LGALS9,MX1,OAS1	OAS3,EIF2AK2,BST2,TRIM21,OASL,ISG20,OAS2,PLSCR1,IFI16,IFIT5,IFIT1,ISG15,TRIM22,LGALS9,MX1,OAS1	4.74e-18	3.81e-15	Regulation of viral life cycle	14.41907502432438	0.8671402074552694	12.503359707905737
18	Process	GO:0002252	28	969	9606	OAS3,EIF2AK2,BST2,OASL,SAMHD1,DYNC1LI1,DTX3L,ISG20,STAT2,MX2,OAS2,PLSCR1,PARP9,STAT1,PNP,IFI16,CTSS,IFI44L,IFIT5,IFIT1,IFIT3,IFIT2,ISG15,DDX58,TRIM22,MX1,OAS1,ARMC8	OAS3,EIF2AK2,BST2,OASL,SAMHD1,DYNC1LI1,DTX3L,ISG20,STAT2,MX2,OAS2,PLSCR1,PARP9,STAT1,PNP,IFI16,CTSS,IFI44L,IFIT5,IFIT1,IFIT3,IFIT2,ISG15,DDX58,TRIM22,MX1,OAS1,ARMC8	4.18e-17	3.16e-14	Immune effector process	13.500312917381596	0.3085459099083975	4.165466333141596
19	Process	GO:0006955	34	1588	9606	OAS3,EIF2AK2,BST2,TRIM21,OASL,SAMHD1,DYNC1LI1,DTX3L,ISG20,STAT2,MX2,OAS2,SP100,PARP9,STAT1,PNP,IFI16,CTSS,IFI44,IFI44L,IFIT5,IFIT1,IFIT3,IFIT2,HLA-E,ISG15,DDX58,TRIM22,LGALS9,MX1,OAS1,IFI35,PARP14,ARMC8	OAS3,EIF2AK2,BST2,TRIM21,OASL,SAMHD1,DYNC1LI1,DTX3L,ISG20,STAT2,MX2,OAS2,SP100,PARP9,STAT1,PNP,IFI16,CTSS,IFI44,IFI44L,IFIT5,IFIT1,IFIT3,IFIT2,HLA-E,ISG15,DDX58,TRIM22,LGALS9,MX1,OAS1,IFI35,PARP14,ARMC8	4.24e-17	3.16e-14	Immune response	13.500312917381596	0.17834007456812115	2.407646812378803
20	Process	GO:0044419	36	1899	9606	OAS3,EIF2AK2,BST2,TRIM21,CMPK2,OASL,SP110,SAMHD1,HERC6,XPO5,DYNC1LI1,DTX3L,ISG20,STAT2,MX2,OAS2,SP100,PLSCR1,PARP9,STAT1,IFI16,IFI44,IFI44L,IFIT5,IFIT1,IFIT3,IFIT2,HLA-E,ISG15,DDX58,TRIM22,LGALS9,MX1,OAS1,IFI35,PARP14	OAS3,EIF2AK2,BST2,TRIM21,CMPK2,OASL,SP110,SAMHD1,HERC6,XPO5,DYNC1LI1,DTX3L,ISG20,STAT2,MX2,OAS2,SP100,PLSCR1,PARP9,STAT1,IFI16,IFI44,IFI44L,IFIT5,IFIT1,IFIT3,IFIT2,HLA-E,ISG15,DDX58,TRIM22,LGALS9,MX1,OAS1,IFI35,PARP14	1.47e-16	9.95e-14	Interspecies interaction between organisms	13.002176919254275	0.12548919164721326	1.6316326712512725
21	Process	GO:0009605	37	2310	9606	OAS3,EIF2AK2,BST2,TRIM21,CMPK2,OASL,SAMHD1,HERC6,DTX3L,GCN1,ISG20,STAT2,HMGCS1,MX2,OAS2,SP100,PLSCR1,PARP9,STAT1,IFI16,IFI44,IFI44L,IFIT5,IFIT1,IFIT3,IFIT2,HLA-E,ISG15,DDX58,TRIM22,PSPH,LGALS9,MX1,OAS1,IFI35,PARP14,TXNIP	OAS3,EIF2AK2,BST2,TRIM21,CMPK2,OASL,SAMHD1,HERC6,DTX3L,GCN1L1,ISG20,STAT2,HMGCS1,MX2,OAS2,SP100,PLSCR1,PARP9,STAT1,IFI16,IFI44,IFI44L,IFIT5,IFIT1,IFIT3,IFIT2,HLA-E,ISG15,DDX58,TRIM22,PSPH,LGALS9,MX1,OAS1,IFI35,PARP14,TXNIP	9.42e-15	5.5e-12	Response to external stimulus	11.259637310505756	0.05230139979179422	0.5888947924873642
22	Process	GO:0034097	26	1101	9606	OAS3,EIF2AK2,PTPN12,BST2,TRIM21,OASL,SAMHD1,ISG20,STAT2,MX2,UBE2V1,OAS2,SP100,PLSCR1,STAT1,IFI16,IFIT1,IFIT3,IFIT2,HLA-E,ISG15,TRIM22,LGALS9,MX1,OAS1,IFI35	OAS3,EIF2AK2,PTPN12,BST2,TRIM21,OASL,SAMHD1,ISG20,STAT2,MX2,UBE2V1,OAS2,SP100,PLSCR1,STAT1,IFI16,IFIT1,IFIT3,IFIT2,HLA-E,ISG15,TRIM22,LGALS9,MX1,OAS1,IFI35	7.86e-14	4.39e-11	Response to cytokine	10.357535479757878	0.22089768461600967	2.2879556058066863
23	Process	GO:0002376	37	2481	9606	OAS3,EIF2AK2,BST2,TRIM21,OASL,SAMHD1,HERC6,DYNC1LI1,DTX3L,ISG20,STAT2,MX2,OAS2,SP100,PLSCR1,PARP9,STAT1,PNP,IFI16,CTSS,IFI44,IFI44L,IFIT5,IFIT1,IFIT3,IFIT2,HLA-E,ISG15,DDX58,TRIM22,PIR,LGALS9,MX1,OAS1,IFI35,PARP14,ARMC8	OAS3,EIF2AK2,BST2,TRIM21,OASL,SAMHD1,HERC6,DYNC1LI1,DTX3L,ISG20,STAT2,MX2,OAS2,SP100,PLSCR1,PARP9,STAT1,PNP,IFI16,CTSS,IFI44,IFI44L,IFIT5,IFIT1,IFIT3,IFIT2,HLA-E,ISG15,DDX58,TRIM22,PIR,LGALS9,MX1,OAS1,IFI35,PARP14,ARMC8	8.74e-14	4.68e-11	Immune system process	10.329754146925875	0.021286615411729434	0.21988550382332836
24	Process	GO:0019221	21	678	9606	OAS3,BST2,TRIM21,OASL,SAMHD1,ISG20,STAT2,MX2,UBE2V1,OAS2,SP100,STAT1,IFIT1,IFIT3,IFIT2,HLA-E,ISG15,TRIM22,MX1,OAS1,IFI35	OAS3,BST2,TRIM21,OASL,SAMHD1,ISG20,STAT2,MX2,UBE2V1,OAS2,SP100,STAT1,IFIT1,IFIT3,IFIT2,HLA-E,ISG15,TRIM22,MX1,OAS1,IFI35	2.28e-13	1.17e-10	Cytokine-mediated signaling pathway	9.931814138253838	0.33870125648379945	3.3639179277901388
25	Process	GO:0071345	24	1013	9606	OAS3,PTPN12,BST2,TRIM21,OASL,SAMHD1,ISG20,STAT2,MX2,UBE2V1,OAS2,SP100,STAT1,IFI16,IFIT1,IFIT3,IFIT2,HLA-E,ISG15,TRIM22,LGALS9,MX1,OAS1,IFI35	OAS3,PTPN12,BST2,TRIM21,OASL,SAMHD1,ISG20,STAT2,MX2,UBE2V1,OAS2,SP100,STAT1,IFI16,IFIT1,IFIT3,IFIT2,HLA-E,ISG15,TRIM22,LGALS9,MX1,OAS1,IFI35	8.67e-13	4.28e-10	Cellular response to cytokine stimulus	9.368556230986828	0.22231345196826915	2.082756075669519
26	Process	GO:0060333	9	70	9606	OAS3,TRIM21,OASL,OAS2,SP100,STAT1,HLA-E,TRIM22,OAS1	OAS3,TRIM21,OASL,OAS2,SP100,STAT1,HLA-E,TRIM22,OAS1	2.51e-11	1.19e-08	Interferon-gamma-mediated signaling pathway	7.924453038607469	0.9568561250420116	7.5825614275993365
27	Process	GO:0006950	39	3485	9606	RNASEH2A,OAS3,EIF2AK2,BST2,TRIM21,OASL,SAMHD1,UBE2L6,DTX3L,PCLAF,GCN1,ISG20,STAT2,MX2,UBE2V1,OAS2,SP100,PLSCR1,PARP9,WDHD1,STAT1,IFI16,IFI44L,IFIT5,IFIT1,IFIT3,IFIT2,HLA-E,ISG15,DDX58,TRIM22,LGALS9,MX1,OAS1,IFI35,DHFR,MMS19,PARP14,TXNIP	RNASEH2A,OAS3,EIF2AK2,BST2,TRIM21,OASL,SAMHD1,UBE2L6,DTX3L,KIAA0101,GCN1L1,ISG20,STAT2,MX2,UBE2V1,OAS2,SP100,PLSCR1,PARP9,WDHD1,STAT1,IFI16,IFI44L,IFIT5,IFIT1,IFIT3,IFIT2,HLA-E,ISG15,DDX58,TRIM22,LGALS9,MX1,OAS1,IFI35,DHFR,MMS19,PARP14,TXNIP	1.1e-10	5.04e-08	Response to stress	7.297569463554475	-0.10342651979058548	-0.7547622125454891
28	Process	GO:0034341	11	182	9606	OAS3,BST2,TRIM21,OASL,OAS2,SP100,STAT1,HLA-E,TRIM22,LGALS9,OAS1	OAS3,BST2,TRIM21,OASL,OAS2,SP100,STAT1,HLA-E,TRIM22,LGALS9,OAS1	2.71e-10	1.2e-07	Response to interferon-gamma	6.920818753952375	0.6290329527900937	4.353423056523719
29	Process	GO:0010033	35	3011	9606	OAS3,EIF2AK2,PTPN12,BST2,TRIM21,CMPK2,OASL,SAMHD1,XRN1,ISG20,STAT2,HMGCS1,MX2,UBE2V1,OAS2,SP100,PLSCR1,STAT1,IFI16,CTSS,IFIT1,IFIT3,IFIT2,HLA-E,ISG15,DDX58,TRIM22,PSPH,LGALS9,MX1,OAS1,IFI35,DHFR,MMS19,TXNIP	OAS3,EIF2AK2,PTPN12,BST2,TRIM21,CMPK2,OASL,SAMHD1,XRN1,ISG20,STAT2,HMGCS1,MX2,UBE2V1,OAS2,SP100,PLSCR1,STAT1,IFI16,CTSS,IFIT1,IFIT3,IFIT2,HLA-E,ISG15,DDX58,TRIM22,PSPH,LGALS9,MX1,OAS1,IFI35,DHFR,MMS19,TXNIP	6.95e-10	2.98e-07	Response to organic substance	6.525783735923745	-0.08693105554554016	-0.5672932684257697
30	Process	GO:0035455	6	23	9606	EIF2AK2,BST2,MX2,IFIT3,IFIT2,OAS1	EIF2AK2,BST2,MX2,IFIT3,IFIT2,OAS1	1.42e-09	5.9e-07	Response to interferon-alpha	6.229147988357856	1.2641350699829943	7.874484428197187
31	Process	GO:0071346	10	161	9606	OAS3,TRIM21,OASL,OAS2,SP100,STAT1,HLA-E,TRIM22,LGALS9,OAS1	OAS3,TRIM21,OASL,OAS2,SP100,STAT1,HLA-E,TRIM22,LGALS9,OAS1	1.45e-09	5.9e-07	Cellular response to interferon-gamma	6.229147988357856	0.6408857795850939	3.992172364669644
32	Process	GO:0071310	30	2369	9606	OAS3,EIF2AK2,PTPN12,BST2,TRIM21,CMPK2,OASL,SAMHD1,XRN1,ISG20,STAT2,HMGCS1,MX2,UBE2V1,OAS2,SP100,STAT1,IFI16,CTSS,IFIT1,IFIT3,IFIT2,HLA-E,ISG15,DDX58,TRIM22,LGALS9,MX1,OAS1,IFI35	OAS3,EIF2AK2,PTPN12,BST2,TRIM21,CMPK2,OASL,SAMHD1,XRN1,ISG20,STAT2,HMGCS1,MX2,UBE2V1,OAS2,SP100,STAT1,IFI16,CTSS,IFIT1,IFIT3,IFIT2,HLA-E,ISG15,DDX58,TRIM22,LGALS9,MX1,OAS1,IFI35	3.07e-09	1.19e-06	Cellular response to organic substance	5.924453038607469	-0.049732150386159114	-0.294635789471764
33	Process	GO:0070887	31	2919	9606	OAS3,EIF2AK2,PTPN12,BST2,TRIM21,CMPK2,OASL,SAMHD1,PPM1F,XRN1,ISG20,STAT2,HMGCS1,MX2,UBE2V1,OAS2,SP100,STAT1,IFI16,CTSS,IFIT1,IFIT3,IFIT2,HLA-E,ISG15,DDX58,TRIM22,LGALS9,MX1,OAS1,IFI35	OAS3,EIF2AK2,PTPN12,BST2,TRIM21,CMPK2,OASL,SAMHD1,PPM1F,XRN1,ISG20,STAT2,HMGCS1,MX2,UBE2V1,OAS2,SP100,STAT1,IFI16,CTSS,IFIT1,IFIT3,IFIT2,HLA-E,ISG15,DDX58,TRIM22,LGALS9,MX1,OAS1,IFI35	9.45e-08	3.57e-05	Cellular response to chemical stimulus	4.447331783887806	-0.12616074553679818	-0.5610786935047842
34	Process	GO:0050896	55	8046	9606	RNASEH2A,OAS3,EIF2AK2,PTPN12,BST2,TRIM21,CMPK2,OASL,SAMHD1,PPM1F,HERC6,XRN1,DYNC1LI1,UBE2L6,OGFR,DTX3L,PCLAF,GCN1,ISG20,STAT2,HMGCS1,RIC8A,MX2,UBE2V1,OAS2,SP100,PLSCR1,DYNLRB1,PARP9,WDHD1,STAT1,PNP,IFI16,CTSS,IFI44,IFI44L,IFIT5,IFIT1,IFIT3,IFIT2,HLA-E,ISG15,DDX58,TRIM22,GPR155,PSPH,LGALS9,MX1,OAS1,IFI35,DHFR,MMS19,PARP14,ARMC8,TXNIP	RNASEH2A,OAS3,EIF2AK2,PTPN12,BST2,TRIM21,CMPK2,OASL,SAMHD1,PPM1F,HERC6,XRN1,DYNC1LI1,UBE2L6,OGFR,DTX3L,KIAA0101,GCN1L1,ISG20,STAT2,HMGCS1,RIC8A,MX2,UBE2V1,OAS2,SP100,PLSCR1,DYNLRB1,PARP9,WDHD1,STAT1,PNP,IFI16,CTSS,IFI44,IFI44L,IFIT5,IFIT1,IFIT3,IFIT2,HLA-E,ISG15,DDX58,TRIM22,GPR155,PSPH,LGALS9,MX1,OAS1,IFI35,DHFR,MMS19,PARP14,ARMC8,TXNIP	1.54e-07	5.67e-05	Response to stimulus	4.246416941107094	-0.31750568312405514	-1.3482615117157684
35	Process	GO:0060700	4	9	9606	OAS3,OASL,OAS2,OAS1	OAS3,OASL,OAS2,OAS1	1.6e-07	5.71e-05	Regulation of ribonuclease activity	4.243363891754152	1.495529137505581	6.346074341157412
36	Process	GO:0006259	15	750	9606	RNASEH2A,SAMHD1,POLA2,UBE2L6,DTX3L,PCLAF,ISG20,MAP1S,UBE2V1,SP100,PARP9,WDHD1,ISG15,MMS19,TOP3A	RNASEH2A,SAMHD1,POLA2,UBE2L6,DTX3L,KIAA0101,ISG20,MAP1S,UBE2V1,SP100,PARP9,WDHD1,ISG15,MMS19,TOP3A	2.78e-07	9.66e-05	DNA metabolic process	4.015022873584507	0.1487416512809247	0.5972011321476429
37	Process	GO:0006139	28	2659	9606	RNASEH2A,OAS3,CMPK2,SAMHD1,XRN1,XPO5,POLA2,UBE2L6,DTX3L,PCLAF,ISG20,HMGCS1,MAP1S,UBE2V1,OAS2,SP100,WARS,PARP9,WDHD1,PNP,YARS,ISG15,PIR,OAS1,MMS19,HELZ2,TOP3A,LSM4	RNASEH2A,OAS3,CMPK2,SAMHD1,XRN1,XPO5,POLA2,UBE2L6,DTX3L,KIAA0101,ISG20,HMGCS1,MAP1S,UBE2V1,OAS2,SP100,WARS,PARP9,WDHD1,PNP,YARS,ISG15,PIR,OAS1,MMS19,HELZ2,TOP3A,LSM4	6.46e-07	0.00022	Nucleobase-containing compound metabolic process	3.657577319177794	-0.12984865037240428	-0.4749314785279531
38	Process	GO:0046483	29	2840	9606	RNASEH2A,OAS3,CMPK2,SAMHD1,XRN1,XPO5,POLA2,UBE2L6,DTX3L,PCLAF,ISG20,HMGCS1,MAP1S,UBE2V1,OAS2,SP100,WARS,PARP9,WDHD1,PNP,YARS,ISG15,PIR,OAS1,DHFR,MMS19,HELZ2,TOP3A,LSM4	RNASEH2A,OAS3,CMPK2,SAMHD1,XRN1,XPO5,POLA2,UBE2L6,DTX3L,KIAA0101,ISG20,HMGCS1,MAP1S,UBE2V1,OAS2,SP100,WARS,PARP9,WDHD1,PNP,YARS,ISG15,PIR,OAS1,DHFR,MMS19,HELZ2,TOP3A,LSM4	7.02e-07	0.00023	Heterocycle metabolic process	3.638272163982407	-0.14320868653113802	-0.5210321778467217
39	Process	GO:0002831	11	406	9606	SAMHD1,DTX3L,PLSCR1,PARP9,STAT1,IFI16,IFIT1,HLA-E,DDX58,LGALS9,PARP14	SAMHD1,DTX3L,PLSCR1,PARP9,STAT1,IFI16,IFIT1,HLA-E,DDX58,LGALS9,PARP14	7.5e-07	0.00024	Regulation of response to biotic stimulus	3.619788758288394	0.2805783071979744	1.0156342022148153
40	Process	GO:0042221	37	4333	9606	OAS3,EIF2AK2,PTPN12,BST2,TRIM21,CMPK2,OASL,SAMHD1,PPM1F,XRN1,ISG20,STAT2,HMGCS1,MX2,UBE2V1,OAS2,SP100,PLSCR1,STAT1,PNP,IFI16,CTSS,IFIT1,IFIT3,IFIT2,HLA-E,ISG15,DDX58,TRIM22,PSPH,LGALS9,MX1,OAS1,IFI35,DHFR,MMS19,TXNIP	OAS3,EIF2AK2,PTPN12,BST2,TRIM21,CMPK2,OASL,SAMHD1,PPM1F,XRN1,ISG20,STAT2,HMGCS1,MX2,UBE2V1,OAS2,SP100,PLSCR1,STAT1,PNP,IFI16,CTSS,IFIT1,IFIT3,IFIT2,HLA-E,ISG15,DDX58,TRIM22,PSPH,LGALS9,MX1,OAS1,IFI35,DHFR,MMS19,TXNIP	7.78e-07	0.00024	Response to chemical	3.619788758288394	-0.2208753093504363	-0.7995219617701808
41	Process	GO:0006725	29	2882	9606	RNASEH2A,OAS3,CMPK2,SAMHD1,XRN1,XPO5,POLA2,UBE2L6,DTX3L,PCLAF,ISG20,HMGCS1,MAP1S,UBE2V1,OAS2,SP100,WARS,PARP9,WDHD1,PNP,YARS,ISG15,PIR,OAS1,DHFR,MMS19,HELZ2,TOP3A,LSM4	RNASEH2A,OAS3,CMPK2,SAMHD1,XRN1,XPO5,POLA2,UBE2L6,DTX3L,KIAA0101,ISG20,HMGCS1,MAP1S,UBE2V1,OAS2,SP100,WARS,PARP9,WDHD1,PNP,YARS,ISG15,PIR,OAS1,DHFR,MMS19,HELZ2,TOP3A,LSM4	9.54e-07	0.00029	Cellular aromatic compound metabolic process	3.537602002101044	-0.1495843229620709	-0.5291698003935511
42	Process	GO:0034641	31	3282	9606	RNASEH2A,OAS3,EIF2AK2,CMPK2,SAMHD1,XRN1,XPO5,POLA2,UBE2L6,DTX3L,PCLAF,GCN1,ISG20,HMGCS1,MAP1S,UBE2V1,OAS2,SP100,WARS,PARP9,WDHD1,PNP,YARS,ISG15,PIR,OAS1,DHFR,MMS19,HELZ2,TOP3A,LSM4	RNASEH2A,OAS3,EIF2AK2,CMPK2,SAMHD1,XRN1,XPO5,POLA2,UBE2L6,DTX3L,KIAA0101,GCN1L1,ISG20,HMGCS1,MAP1S,UBE2V1,OAS2,SP100,WARS,PARP9,WDHD1,PNP,YARS,ISG15,PIR,OAS1,DHFR,MMS19,HELZ2,TOP3A,LSM4	1.31e-06	0.00039	Cellular nitrogen compound metabolic process	3.408935392973501	-0.17706522726585816	-0.6036039200914805
43	Process	GO:0016032	14	776	9606	EIF2AK2,SP110,SAMHD1,XPO5,DYNC1LI1,DTX3L,STAT2,SP100,STAT1,IFIT1,HLA-E,ISG15,DDX58,TRIM22	EIF2AK2,SP110,SAMHD1,XPO5,DYNC1LI1,DTX3L,STAT2,SP100,STAT1,IFIT1,HLA-E,ISG15,DDX58,TRIM22	2.42e-06	0.00071	Viral process	3.1487416512809245	0.10397797003699309	0.3273997650711201
44	Process	GO:1901360	29	3118	9606	RNASEH2A,OAS3,CMPK2,SAMHD1,XRN1,XPO5,POLA2,UBE2L6,DTX3L,PCLAF,ISG20,HMGCS1,MAP1S,UBE2V1,OAS2,SP100,WARS,PARP9,WDHD1,PNP,YARS,ISG15,PIR,OAS1,DHFR,MMS19,HELZ2,TOP3A,LSM4	RNASEH2A,OAS3,CMPK2,SAMHD1,XRN1,XPO5,POLA2,UBE2L6,DTX3L,KIAA0101,ISG20,HMGCS1,MAP1S,UBE2V1,OAS2,SP100,WARS,PARP9,WDHD1,PNP,YARS,ISG15,PIR,OAS1,DHFR,MMS19,HELZ2,TOP3A,LSM4	4.78e-06	0.0013	Organic cyclic compound metabolic process	2.886056647693163	-0.1837664573369232	-0.5303604058202492
45	Process	GO:0045824	5	61	9606	SAMHD1,IFI16,HLA-E,LGALS9,PARP14	SAMHD1,IFI16,HLA-E,LGALS9,PARP14	6.41e-06	0.0018	Negative regulation of innate immune response	2.744727494896694	0.7613518249421953	2.0897032872086183
46	Process	GO:0007166	24	2325	9606	OAS3,PTPN12,BST2,TRIM21,OASL,SAMHD1,DTX3L,ISG20,STAT2,MX2,UBE2V1,OAS2,SP100,STAT1,IFIT1,IFIT3,IFIT2,HLA-E,ISG15,TRIM22,MX1,OAS1,IFI35,TXNIP	OAS3,PTPN12,BST2,TRIM21,OASL,SAMHD1,DTX3L,ISG20,STAT2,MX2,UBE2V1,OAS2,SP100,STAT1,IFIT1,IFIT3,IFIT2,HLA-E,ISG15,TRIM22,MX1,OAS1,IFI35,TXNIP	7.94e-06	0.0021	Cell surface receptor signaling pathway	2.677780705266081	-0.13850005989742323	-0.3708727880715164
47	Process	GO:0044260	38	4976	9606	RNASEH2A,EIF2AK2,PTPN12,TRIM21,SAMHD1,PPM1F,HERC6,XRN1,POLA2,UBE2L6,DTX3L,PCLAF,GCN1,ISG20,MAP1S,SETD3,MX2,UBE2V1,OAS2,SP100,WARS,PARP9,WDHD1,CTSS,YARS,ISG15,DDX58,TRIM22,PIR,LGALS9,MX1,MMS19,HELZ2,PARP14,ARMC8,TOP3A,RNF213,LSM4	RNASEH2A,EIF2AK2,PTPN12,TRIM21,SAMHD1,PPM1F,HERC6,XRN1,POLA2,UBE2L6,DTX3L,KIAA0101,GCN1L1,ISG20,MAP1S,SETD3,MX2,UBE2V1,OAS2,SP100,WARS,PARP9,WDHD1,CTSS,YARS,ISG15,DDX58,TRIM22,PIR,LGALS9,MX1,MMS19,HELZ2,PARP14,ARMC8,TOP3A,RNF213,LSM4	8.56e-06	0.0022	Cellular macromolecule metabolic process	2.657577319177794	-0.26938511944900856	-0.715911783571686
48	Process	GO:0090304	23	2178	9606	RNASEH2A,SAMHD1,XRN1,XPO5,POLA2,UBE2L6,DTX3L,PCLAF,ISG20,MAP1S,UBE2V1,OAS2,SP100,WARS,PARP9,WDHD1,YARS,ISG15,PIR,MMS19,HELZ2,TOP3A,LSM4	RNASEH2A,SAMHD1,XRN1,XPO5,POLA2,UBE2L6,DTX3L,KIAA0101,ISG20,MAP1S,UBE2V1,OAS2,SP100,WARS,PARP9,WDHD1,YARS,ISG15,PIR,MMS19,HELZ2,TOP3A,LSM4	9.08e-06	0.0023	Nucleic acid metabolic process	2.638272163982407	-0.12861838378521978	-0.3393303017169515
49	Process	GO:0035456	4	31	9606	BST2,PLSCR1,STAT1,IFI16	BST2,PLSCR1,STAT1,IFI16	1.1e-05	0.0027	Response to interferon-beta	2.5686362358410126	0.9584099531106333	2.4618065343506585
50	Process	GO:0002230	4	32	9606	DTX3L,PARP9,STAT1,DDX58	DTX3L,PARP9,STAT1,DDX58	1.23e-05	0.003	Positive regulation of defense response to virus by host	2.5228787452803374	0.9446216686249999	2.383165930105258
51	Process	GO:0006807	46	6852	9606	RNASEH2A,OAS3,EIF2AK2,PTPN12,TRIM21,CMPK2,SAMHD1,PPM1F,HERC6,XRN1,XPO5,POLA2,UBE2L6,DTX3L,PCLAF,GCN1,ISG20,HMGCS1,MAP1S,SETD3,UBE2V1,OAS2,SP100,PLSCR1,WARS,PARP9,WDHD1,PNP,IFI16,CTSS,YARS,ISG15,DDX58,TRIM22,PIR,PSPH,LGALS9,OAS1,DHFR,MMS19,HELZ2,PARP14,ARMC8,TOP3A,RNF213,LSM4	RNASEH2A,OAS3,EIF2AK2,PTPN12,TRIM21,CMPK2,SAMHD1,PPM1F,HERC6,XRN1,XPO5,POLA2,UBE2L6,DTX3L,KIAA0101,GCN1L1,ISG20,HMGCS1,MAP1S,SETD3,UBE2V1,OAS2,SP100,PLSCR1,WARS,PARP9,WDHD1,PNP,IFI16,CTSS,YARS,ISG15,DDX58,TRIM22,PIR,PSPH,LGALS9,OAS1,DHFR,MMS19,HELZ2,PARP14,ARMC8,TOP3A,RNF213,LSM4	1.41e-05	0.0034	Nitrogen compound metabolic process	2.468521082957745	-0.32534786699495527	-0.8031280689723794
52	Process	GO:0032479	6	130	9606	TRIM21,UBE2L6,STAT1,IFI16,ISG15,DDX58	TRIM21,UBE2L6,STAT1,IFI16,ISG15,DDX58	1.68e-05	0.0039	Regulation of type i interferon production	2.408935392973501	0.5119195536937504	1.2331811312480738
53	Process	GO:0051716	44	6489	9606	RNASEH2A,OAS3,EIF2AK2,PTPN12,BST2,TRIM21,CMPK2,OASL,SAMHD1,PPM1F,XRN1,UBE2L6,OGFR,DTX3L,PCLAF,GCN1,ISG20,STAT2,HMGCS1,RIC8A,MX2,UBE2V1,OAS2,SP100,PARP9,WDHD1,STAT1,IFI16,CTSS,IFIT1,IFIT3,IFIT2,HLA-E,ISG15,DDX58,TRIM22,GPR155,LGALS9,MX1,OAS1,IFI35,DHFR,MMS19,TXNIP	RNASEH2A,OAS3,EIF2AK2,PTPN12,BST2,TRIM21,CMPK2,OASL,SAMHD1,PPM1F,XRN1,UBE2L6,OGFR,DTX3L,KIAA0101,GCN1L1,ISG20,STAT2,HMGCS1,RIC8A,MX2,UBE2V1,OAS2,SP100,PARP9,WDHD1,STAT1,IFI16,CTSS,IFIT1,IFIT3,IFIT2,HLA-E,ISG15,DDX58,TRIM22,GPR155,LGALS9,MX1,OAS1,IFI35,DHFR,MMS19,TXNIP	2.16e-05	0.0049	Cellular response to stimulus	2.309803919971486	-0.32101344205562293	-0.7414781068236174
54	Process	GO:0050688	5	81	9606	DTX3L,PARP9,STAT1,IFIT1,DDX58	DTX3L,PARP9,STAT1,IFIT1,DDX58	2.35e-05	0.0053	Regulation of defense response to virus	2.275724130399211	0.6381966410743125	1.4523594960325372
55	Process	GO:0044237	48	7513	9606	RNASEH2A,OAS3,EIF2AK2,PTPN12,TRIM21,CMPK2,SAMHD1,PPM1F,HERC6,XRN1,XPO5,POLA2,UBE2L6,DTX3L,PCLAF,GCN1,ISG20,HMGCS1,MAP1S,SETD3,MX2,UBE2V1,OAS2,SP100,PLSCR1,WARS,PARP9,WDHD1,PNP,IFI16,CTSS,YARS,ISG15,DDX58,TRIM22,PIR,PSPH,LGALS9,MX1,OAS1,DHFR,MMS19,HELZ2,PARP14,ARMC8,TOP3A,RNF213,LSM4	RNASEH2A,OAS3,EIF2AK2,PTPN12,TRIM21,CMPK2,SAMHD1,PPM1F,HERC6,XRN1,XPO5,POLA2,UBE2L6,DTX3L,KIAA0101,GCN1L1,ISG20,HMGCS1,MAP1S,SETD3,MX2,UBE2V1,OAS2,SP100,PLSCR1,WARS,PARP9,WDHD1,PNP,IFI16,CTSS,YARS,ISG15,DDX58,TRIM22,PIR,PSPH,LGALS9,MX1,OAS1,DHFR,MMS19,HELZ2,PARP14,ARMC8,TOP3A,RNF213,LSM4	3.08e-05	0.0068	Cellular metabolic process	2.167491087293764	-0.3468604958472269	-0.7518170332831599
56	Process	GO:0045088	8	301	9606	SAMHD1,PLSCR1,PARP9,STAT1,IFI16,HLA-E,LGALS9,PARP14	SAMHD1,PLSCR1,PARP9,STAT1,IFI16,HLA-E,LGALS9,PARP14	3.09e-05	0.0068	Regulation of innate immune response	2.167491087293764	0.27223514701504375	0.5900672548032149
57	Process	GO:0035457	3	13	9606	IFIT3,IFIT2,OAS1	IFIT3,IFIT2,OAS1	3.25e-05	0.007	Cellular response to interferon-alpha	2.154901959985743	1.2108895580297692	2.60934828192462
58	Process	GO:0050777	6	154	9606	BST2,SAMHD1,IFI16,HLA-E,LGALS9,PARP14	BST2,SAMHD1,IFI16,HLA-E,LGALS9,PARP14	4.21e-05	0.0087	Negative regulation of immune response	2.0604807473813813	0.4383421851641241	0.9031956332957622
59	Process	GO:0006281	10	522	9606	RNASEH2A,SAMHD1,UBE2L6,DTX3L,PCLAF,UBE2V1,PARP9,WDHD1,ISG15,MMS19	RNASEH2A,SAMHD1,UBE2L6,DTX3L,KIAA0101,UBE2V1,PARP9,WDHD1,ISG15,MMS19	4.7e-05	0.0096	DNA repair	2.0177287669604316	0.13004115261468135	0.2623877745193343
60	Process	GO:0006301	4	52	9606	UBE2L6,PCLAF,UBE2V1,ISG15	UBE2L6,KIAA0101,UBE2V1,ISG15	7.22e-05	0.0143	Postreplication repair	1.8446639625349381	0.7337683033101068	1.35355594596656
61	Process	GO:0006974	12	793	9606	RNASEH2A,SAMHD1,UBE2L6,DTX3L,PCLAF,UBE2V1,SP100,PARP9,WDHD1,IFI16,ISG15,MMS19	RNASEH2A,SAMHD1,UBE2L6,DTX3L,KIAA0101,UBE2V1,SP100,PARP9,WDHD1,IFI16,ISG15,MMS19	7.46e-05	0.0144	Cellular response to dna damage stimulus	1.8416375079047504	0.027619714346964554	0.05086550189898489
62	Process	GO:0043122	7	251	9606	BST2,TRIM21,UBE2V1,STAT1,IFIT5,TRIM22,LGALS9	BST2,TRIM21,UBE2V1,STAT1,IFIT5,TRIM22,LGALS9	7.42e-05	0.0144	Regulation of i-kappab kinase/nf-kappab signaling	1.8416375079047504	0.2931359741501622	0.539850204911136
63	Process	GO:0031347	11	674	9606	SAMHD1,DTX3L,PLSCR1,PARP9,STAT1,IFI16,IFIT1,HLA-E,DDX58,LGALS9,PARP14	SAMHD1,DTX3L,PLSCR1,PARP9,STAT1,IFI16,IFIT1,HLA-E,DDX58,LGALS9,PARP14	7.95e-05	0.0149	Regulation of defense response	1.826813731587726	0.06044444423984873	0.1104207407355443
64	Process	GO:0071704	48	7755	9606	RNASEH2A,OAS3,EIF2AK2,PTPN12,TRIM21,CMPK2,SAMHD1,PPM1F,HERC6,XRN1,XPO5,POLA2,UBE2L6,DTX3L,PCLAF,GCN1,ISG20,HMGCS1,MAP1S,SETD3,MX2,UBE2V1,OAS2,SP100,PLSCR1,WARS,PARP9,WDHD1,PNP,IFI16,CTSS,YARS,ISG15,DDX58,TRIM22,PIR,PSPH,LGALS9,MX1,OAS1,DHFR,MMS19,HELZ2,PARP14,ARMC8,TOP3A,RNF213,LSM4	RNASEH2A,OAS3,EIF2AK2,PTPN12,TRIM21,CMPK2,SAMHD1,PPM1F,HERC6,XRN1,XPO5,POLA2,UBE2L6,DTX3L,KIAA0101,GCN1L1,ISG20,HMGCS1,MAP1S,SETD3,MX2,UBE2V1,OAS2,SP100,PLSCR1,WARS,PARP9,WDHD1,PNP,IFI16,CTSS,YARS,ISG15,DDX58,TRIM22,PIR,PSPH,LGALS9,MX1,OAS1,DHFR,MMS19,HELZ2,PARP14,ARMC8,TOP3A,RNF213,LSM4	7.88e-05	0.0149	Organic substance metabolic process	1.826813731587726	-0.360628909157093	-0.6588018432556801
65	Process	GO:0043170	41	6137	9606	RNASEH2A,EIF2AK2,PTPN12,TRIM21,SAMHD1,PPM1F,HERC6,XRN1,XPO5,POLA2,UBE2L6,DTX3L,PCLAF,GCN1,ISG20,MAP1S,SETD3,MX2,UBE2V1,OAS2,SP100,WARS,PARP9,WDHD1,PNP,IFI16,CTSS,YARS,ISG15,DDX58,TRIM22,PIR,LGALS9,MX1,MMS19,HELZ2,PARP14,ARMC8,TOP3A,RNF213,LSM4	RNASEH2A,EIF2AK2,PTPN12,TRIM21,SAMHD1,PPM1F,HERC6,XRN1,XPO5,POLA2,UBE2L6,DTX3L,KIAA0101,GCN1L1,ISG20,MAP1S,SETD3,MX2,UBE2V1,OAS2,SP100,WARS,PARP9,WDHD1,PNP,IFI16,CTSS,YARS,ISG15,DDX58,TRIM22,PIR,LGALS9,MX1,MMS19,HELZ2,PARP14,ARMC8,TOP3A,RNF213,LSM4	8.47e-05	0.0155	Macromolecule metabolic process	1.8096683018297086	-0.3274606109472528	-0.5925950877290339
66	Process	GO:0051091	7	271	9606	EIF2AK2,TRIM21,UBE2V1,SP100,DDX58,TRIM22,LGALS9	EIF2AK2,TRIM21,UBE2V1,SP100,DDX58,TRIM22,LGALS9	0.00012	0.0214	Positive regulation of dna-binding transcription factor activity	1.6695862266508092	0.2598404047567946	0.4338259609093157
67	Process	GO:0065009	35	4913	9606	OAS3,EIF2AK2,BST2,TRIM21,OASL,SP110,PPM1F,DTX3L,GCN1,STAT2,RIC8A,SETD3,SEC23B,UBE2V1,OAS2,SP100,PLSCR1,WARS,TBCD,PARP9,STAT1,IFI16,CTSS,IFIT1,IFIT2,DDX58,TRIM22,PIR,LGALS9,OAS1,DHFR,MMS19,HELZ2,PARP14,TXNIP	OAS3,EIF2AK2,BST2,TRIM21,OASL,SP110,PPM1F,DTX3L,GCN1L1,STAT2,RIC8A,SETD3,SEC23B,UBE2V1,OAS2,SP100,PLSCR1,WARS,TBCD,PARP9,STAT1,IFI16,CTSS,IFIT1,IFIT2,DDX58,TRIM22,PIR,LGALS9,OAS1,DHFR,MMS19,HELZ2,PARP14,TXNIP	0.00012	0.0216	Regulation of molecular function	1.665546248849069	-0.2995670641676027	-0.49894280000307906
68	Process	GO:0034655	8	373	9606	RNASEH2A,SAMHD1,XRN1,ISG20,OAS2,PNP,HELZ2,LSM4	RNASEH2A,SAMHD1,XRN1,ISG20,OAS2,PNP,HELZ2,LSM4	0.00013	0.0235	Nucleobase-containing compound catabolic process	1.6289321377282637	0.17909281080019948	0.2917300351485324
69	Process	GO:0043123	6	194	9606	BST2,TRIM21,UBE2V1,IFIT5,TRIM22,LGALS9	BST2,TRIM21,UBE2V1,IFIT5,TRIM22,LGALS9	0.00014	0.0251	Positive regulation of i-kappab kinase/nf-kappab signaling	1.6003262785189618	0.33806117607036107	0.5410081838124244
70	Process	GO:0048519	37	5389	9606	OAS3,EIF2AK2,PTPN12,BST2,TRIM21,OASL,SAMHD1,PPM1F,XRN1,XPO5,UBE2L6,DTX3L,ISG20,OAS2,SP100,PLSCR1,WARS,TBCD,PARP9,STAT1,IFI16,IFIT5,IFIT1,IFIT3,HLA-E,ISG15,DDX58,TRIM22,LGALS9,MX1,OAS1,DHFR,HELZ2,PARP14,TXNIP,RNF213,LSM4	OAS3,EIF2AK2,PTPN12,BST2,TRIM21,OASL,SAMHD1,PPM1F,XRN1,XPO5,UBE2L6,DTX3L,ISG20,OAS2,SP100,PLSCR1,WARS,TBCD,PARP9,STAT1,IFI16,IFIT5,IFIT1,IFIT3,HLA-E,ISG15,DDX58,TRIM22,LGALS9,MX1,OAS1,DHFR,HELZ2,PARP14,TXNIP,RNF213,LSM4	0.00015	0.0253	Negative regulation of biological process	1.596879478824182	-0.3155948039120869	-0.5039668659907532
71	Process	GO:0002519	2	3	9606	HLA-E,LGALS9	HLA-E,LGALS9	0.00015	0.0261	Natural killer cell tolerance induction	1.583359492661719	1.6716203965612622	2.6467760230222215
72	Process	GO:0006260	6	205	9606	RNASEH2A,SAMHD1,POLA2,PCLAF,WDHD1,TOP3A	RNASEH2A,SAMHD1,POLA2,KIAA0101,WDHD1,TOP3A	0.00019	0.0322	DNA replication	1.4921441283041692	0.3141090449448329	0.4686959670616628
73	Process	GO:0060334	3	26	9606	PARP9,STAT1,PARP14	PARP9,STAT1,PARP14	0.0002	0.0337	Regulation of interferon-gamma-mediated signaling pathway	1.4723700991286615	0.909859562365788	1.3396500140336758
74	Process	GO:0044238	45	7332	9606	RNASEH2A,OAS3,EIF2AK2,PTPN12,TRIM21,CMPK2,SAMHD1,PPM1F,HERC6,XRN1,XPO5,POLA2,UBE2L6,DTX3L,PCLAF,GCN1,ISG20,HMGCS1,MAP1S,SETD3,UBE2V1,OAS2,SP100,PLSCR1,WARS,PARP9,WDHD1,PNP,IFI16,CTSS,YARS,ISG15,DDX58,TRIM22,PIR,PSPH,LGALS9,OAS1,MMS19,HELZ2,PARP14,ARMC8,TOP3A,RNF213,LSM4	RNASEH2A,OAS3,EIF2AK2,PTPN12,TRIM21,CMPK2,SAMHD1,PPM1F,HERC6,XRN1,XPO5,POLA2,UBE2L6,DTX3L,KIAA0101,GCN1L1,ISG20,HMGCS1,MAP1S,SETD3,UBE2V1,OAS2,SP100,PLSCR1,WARS,PARP9,WDHD1,PNP,IFI16,CTSS,YARS,ISG15,DDX58,TRIM22,PIR,PSPH,LGALS9,OAS1,MMS19,HELZ2,PARP14,ARMC8,TOP3A,RNF213,LSM4	0.00024	0.0377	Primary metabolic process	1.4236586497942072	-0.3642982868978919	-0.5186364072473955
75	Process	GO:0007165	34	4876	9606	OAS3,EIF2AK2,PTPN12,BST2,TRIM21,OASL,SAMHD1,PPM1F,OGFR,DTX3L,ISG20,STAT2,RIC8A,MX2,UBE2V1,OAS2,SP100,STAT1,IFI16,CTSS,IFIT1,IFIT3,IFIT2,HLA-E,ISG15,DDX58,TRIM22,GPR155,LGALS9,MX1,OAS1,IFI35,MMS19,TXNIP	OAS3,EIF2AK2,PTPN12,BST2,TRIM21,OASL,SAMHD1,PPM1F,OGFR,DTX3L,ISG20,STAT2,RIC8A,MX2,UBE2V1,OAS2,SP100,STAT1,IFI16,CTSS,IFIT1,IFIT3,IFIT2,HLA-E,ISG15,DDX58,TRIM22,GPR155,LGALS9,MX1,OAS1,IFI35,MMS19,TXNIP	0.00025	0.0402	Signal transduction	1.39577394691553	-0.3088731242871457	-0.4311170597824004
76	Process	GO:0000209	7	315	9606	TRIM21,HERC6,UBE2L6,DTX3L,UBE2V1,TRIM22,RNF213	TRIM21,HERC6,UBE2L6,DTX3L,UBE2V1,TRIM22,RNF213	0.00029	0.0445	Protein polyubiquitination	1.3516399890190685	0.1944991418415998	0.2628928179429982
77	Process	GO:0002697	8	418	9606	BST2,DTX3L,PARP9,STAT1,IFIT1,HLA-E,DDX58,LGALS9	BST2,DTX3L,PARP9,STAT1,IFIT1,HLA-E,DDX58,LGALS9	0.00029	0.0445	Regulation of immune effector process	1.3516399890190685	0.12962536083385193	0.1752068212940604
78	Process	GO:0044093	18	1842	9606	EIF2AK2,TRIM21,PPM1F,DTX3L,GCN1,RIC8A,SEC23B,UBE2V1,SP100,PLSCR1,TBCD,PARP9,IFI16,CTSS,DDX58,TRIM22,LGALS9,DHFR	EIF2AK2,TRIM21,PPM1F,DTX3L,GCN1L1,RIC8A,SEC23B,UBE2V1,SP100,PLSCR1,TBCD,PARP9,IFI16,CTSS,DDX58,TRIM22,LGALS9,DHFR	0.00029	0.0445	Positive regulation of molecular function	1.3516399890190685	-0.16230546514058058	-0.21937855712034915
79	Process	GO:0044265	12	917	9606	RNASEH2A,XRN1,UBE2L6,DTX3L,ISG20,OAS2,CTSS,ISG15,HELZ2,ARMC8,RNF213,LSM4	RNASEH2A,XRN1,UBE2L6,DTX3L,ISG20,OAS2,CTSS,ISG15,HELZ2,ARMC8,RNF213,LSM4	0.00028	0.0445	Cellular macromolecule catabolic process	1.3516399890190685	-0.035476434005452785	-0.04795136686956591
80	Process	GO:0009987	72	15024	9606	RNASEH2A,SLC15A3,OAS3,EIF2AK2,PTPN12,BST2,TRIM21,CMPK2,OASL,SAMHD1,PPM1F,HERC6,XRN1,XPO5,POLA2,DYNC1LI1,UBE2L6,OGFR,DTX3L,PCLAF,GCN1,ISG20,STAT2,COG4,HMGCS1,MAP1S,RIC8A,TACC3,SETD3,MX2,SEC23B,UBE2V1,OAS2,SP100,PLSCR1,WARS,TBCD,DYNLRB1,PFN3,PARP9,WDHD1,STAT1,PNP,IFI16,CTSS,IFIT1,IFIT3,IFIT2,YARS,HLA-E,ISG15,DDX58,SAMD9,TRIM22,PIR,GPR155,PSPH,LGALS9,MX1,OAS1,KIFC1,IFI35,DHFR,MMS19,HELZ2,PARP14,ARMC8,TOP3A,TUBB8,TXNIP,RNF213,LSM4	RNASEH2A,SLC15A3,OAS3,EIF2AK2,PTPN12,BST2,TRIM21,CMPK2,OASL,SAMHD1,PPM1F,HERC6,XRN1,XPO5,POLA2,DYNC1LI1,UBE2L6,OGFR,DTX3L,KIAA0101,GCN1L1,ISG20,STAT2,COG4,HMGCS1,MAP1S,RIC8A,TACC3,SETD3,MX2,SEC23B,UBE2V1,OAS2,SP100,PLSCR1,WARS,TBCD,DYNLRB1,PFN3,PARP9,WDHD1,STAT1,PNP,IFI16,CTSS,IFIT1,IFIT3,IFIT2,YARS,HLA-E,ISG15,DDX58,SAMD9,TRIM22,PIR,GPR155,PSPH,LGALS9,MX1,OAS1,KIFC1,IFI35,DHFR,MMS19,HELZ2,PARP14,ARMC8,TOP3A,TUBB8,TXNIP,RNF213,LSM4	0.0003	0.0454	Cellular process	1.342944147142896	-0.47174142287382376	-0.6335223828132635
81	Process	GO:0050790	21	2386	9606	OAS3,EIF2AK2,BST2,OASL,PPM1F,DTX3L,GCN1,RIC8A,SEC23B,UBE2V1,OAS2,PLSCR1,WARS,TBCD,PARP9,IFI16,IFIT1,LGALS9,OAS1,DHFR,TXNIP	OAS3,EIF2AK2,BST2,OASL,PPM1F,DTX3L,GCN1L1,RIC8A,SEC23B,UBE2V1,OAS2,PLSCR1,WARS,TBCD,PARP9,IFI16,IFIT1,LGALS9,OAS1,DHFR,TXNIP	0.00034	0.0489	Regulation of catalytic activity	1.3106911408763797	-0.20773948898346023	-0.2722823078208076
